<?xml version="1.0" encoding="UTF-8"?>
<GenRun Id="impl_1" LaunchPart="xc7a35tcpg236-1" LaunchTime="1641340950">
  <File Type="WBT-USG" Name="usage_statistics_webtalk.html"/>
  <File Type="BG-DRC" Name="ButtonCount.drc"/>
  <File Type="BG-BGN" Name="ButtonCount.bgn"/>
  <File Type="BITSTR-SYSDEF" Name="ButtonCount.sysdef"/>
  <File Type="BITSTR-LTX" Name="debug_nets.ltx"/>
  <File Type="BITSTR-LTX" Name="ButtonCount.ltx"/>
  <File Type="RBD_FILE" Name="ButtonCount.rbd"/>
  <File Type="NPI_FILE" Name="ButtonCount.npi"/>
  <File Type="RNPI_FILE" Name="ButtonCount.rnpi"/>
  <File Type="CFI_FILE" Name="ButtonCount.cfi"/>
  <File Type="RDI-RDI" Name="ButtonCount.vdi"/>
  <File Type="RCFI_FILE" Name="ButtonCount.rcfi"/>
  <File Type="PDI-FILE" Name="ButtonCount.pdi"/>
  <File Type="BITSTR-MMI" Name="ButtonCount.mmi"/>
  <File Type="BITSTR-BMM" Name="ButtonCount_bd.bmm"/>
  <File Type="BITSTR-NKY" Name="ButtonCount.nky"/>
  <File Type="BITSTR-RBT" Name="ButtonCount.rbt"/>
  <File Type="BITSTR-MSK" Name="ButtonCount.msk"/>
  <File Type="BG-BIN" Name="ButtonCount.bin"/>
  <File Type="BG-BIT" Name="ButtonCount.bit"/>
  <File Type="POSTROUTE-PHYSOPT-BUS-SKEW-RPX" Name="ButtonCount_bus_skew_postroute_physopted.rpx"/>
  <File Type="POSTROUTE-PHYSOPT-BUS-SKEW-PB" Name="ButtonCount_bus_skew_postroute_physopted.pb"/>
  <File Type="POSTROUTE-PHYSOPT-BUS-SKEW" Name="ButtonCount_bus_skew_postroute_physopted.rpt"/>
  <File Type="POSTROUTE-PHYSOPT-TIMING-RPX" Name="ButtonCount_timing_summary_postroute_physopted.rpx"/>
  <File Type="POSTROUTE-PHYSOPT-TIMING-PB" Name="ButtonCount_timing_summary_postroute_physopted.pb"/>
  <File Type="POSTROUTE-PHYSOPT-TIMING" Name="ButtonCount_timing_summary_postroute_physopted.rpt"/>
  <File Type="POSTROUTE-PHYSOPT-BLACKBOX-DCP" Name="ButtonCount_postroute_physopt_bb.dcp"/>
  <File Type="POSTROUTE-PHYSOPT-DCP" Name="ButtonCount_postroute_physopt.dcp"/>
  <File Type="ROUTE-BUS-SKEW-RPX" Name="ButtonCount_bus_skew_routed.rpx"/>
  <File Type="POSTPLACE-PWROPT-DCP" Name="ButtonCount_postplace_pwropt.dcp"/>
  <File Type="PLACE-PRE-SIMILARITY" Name="ButtonCount_incremental_reuse_pre_placed.rpt"/>
  <File Type="ROUTE-METHODOLOGY-DRC-RPX" Name="ButtonCount_methodology_drc_routed.rpx"/>
  <File Type="PLACE-UTIL" Name="ButtonCount_utilization_placed.rpt"/>
  <File Type="OPT-METHODOLOGY-DRC" Name="ButtonCount_methodology_drc_opted.rpt"/>
  <File Type="PLACE-CLK" Name="ButtonCount_clock_utilization_placed.rpt"/>
  <File Type="PLACE-IO" Name="ButtonCount_io_placed.rpt"/>
  <File Type="PLACE-CTRL" Name="ButtonCount_control_sets_placed.rpt"/>
  <File Type="ROUTE-METHODOLOGY-DRC-PB" Name="ButtonCount_methodology_drc_routed.pb"/>
  <File Type="PLACE-DCP" Name="ButtonCount_placed.dcp"/>
  <File Type="INIT-TIMING" Name="ButtonCount_timing_summary_init.rpt"/>
  <File Type="PWROPT-DRC" Name="ButtonCount_drc_pwropted.rpt"/>
  <File Type="PWROPT-TIMING" Name="ButtonCount_timing_summary_pwropted.rpt"/>
  <File Type="REPORTS-TCL" Name="ButtonCount_reports.tcl"/>
  <File Type="PLACE-TIMING" Name="ButtonCount_timing_summary_placed.rpt"/>
  <File Type="OPT-DRC" Name="ButtonCount_drc_opted.rpt"/>
  <File Type="POSTPLACE-PWROPT-TIMING" Name="ButtonCount_timing_summary_postplace_pwropted.rpt"/>
  <File Type="PA-TCL" Name="ButtonCount.tcl"/>
  <File Type="OPT-TIMING" Name="ButtonCount_timing_summary_opted.rpt"/>
  <File Type="PLACE-UTIL-PB" Name="ButtonCount_utilization_placed.pb"/>
  <File Type="ROUTE-METHODOLOGY-DRC" Name="ButtonCount_methodology_drc_routed.rpt"/>
  <File Type="OPT-DCP" Name="ButtonCount_opt.dcp"/>
  <File Type="OPT-HWDEF" Name="ButtonCount.hwdef"/>
  <File Type="PHYSOPT-TIMING" Name="ButtonCount_timing_summary_physopted.rpt"/>
  <File Type="PLACE-SIMILARITY" Name="ButtonCount_incremental_reuse_placed.rpt"/>
  <File Type="ROUTE-DRC-RPX" Name="ButtonCount_drc_routed.rpx"/>
  <File Type="PWROPT-DCP" Name="ButtonCount_pwropt.dcp"/>
  <File Type="PHYSOPT-DCP" Name="ButtonCount_physopt.dcp"/>
  <File Type="PHYSOPT-DRC" Name="ButtonCount_drc_physopted.rpt"/>
  <File Type="ROUTE-ERROR-DCP" Name="ButtonCount_routed_error.dcp"/>
  <File Type="ROUTE-DCP" Name="ButtonCount_routed.dcp"/>
  <File Type="ROUTE-BLACKBOX-DCP" Name="ButtonCount_routed_bb.dcp"/>
  <File Type="ROUTE-DRC" Name="ButtonCount_drc_routed.rpt"/>
  <File Type="ROUTE-DRC-PB" Name="ButtonCount_drc_routed.pb"/>
  <File Type="ROUTE-PWR" Name="ButtonCount_power_routed.rpt"/>
  <File Type="ROUTE-PWR-SUM" Name="ButtonCount_power_summary_routed.pb"/>
  <File Type="ROUTE-PWR-RPX" Name="ButtonCount_power_routed.rpx"/>
  <File Type="ROUTE-STATUS" Name="ButtonCount_route_status.rpt"/>
  <File Type="ROUTE-STATUS-PB" Name="ButtonCount_route_status.pb"/>
  <File Type="ROUTE-TIMINGSUMMARY" Name="ButtonCount_timing_summary_routed.rpt"/>
  <File Type="ROUTE-TIMING-PB" Name="ButtonCount_timing_summary_routed.pb"/>
  <File Type="ROUTE-TIMING-RPX" Name="ButtonCount_timing_summary_routed.rpx"/>
  <File Type="ROUTE-SIMILARITY" Name="ButtonCount_incremental_reuse_routed.rpt"/>
  <File Type="ROUTE-CLK" Name="ButtonCount_clock_utilization_routed.rpt"/>
  <File Type="ROUTE-BUS-SKEW" Name="ButtonCount_bus_skew_routed.rpt"/>
  <File Type="ROUTE-BUS-SKEW-PB" Name="ButtonCount_bus_skew_routed.pb"/>
  <FileSet Name="sources" Type="DesignSrcs" RelSrcDir="$PSRCDIR/sources_1">
    <Filter Type="Srcs"/>
    <File Path="$PPRDIR/../OneShot.sv">
      <FileInfo>
        <Attr Name="UsedIn" Val="synthesis"/>
        <Attr Name="UsedIn" Val="implementation"/>
        <Attr Name="UsedIn" Val="simulation"/>
      </FileInfo>
    </File>
    <File Path="$PPRDIR/../ButtonCount.sv">
      <FileInfo>
        <Attr Name="UsedIn" Val="synthesis"/>
        <Attr Name="UsedIn" Val="implementation"/>
        <Attr Name="UsedIn" Val="simulation"/>
      </FileInfo>
    </File>
    <Config>
      <Option Name="DesignMode" Val="RTL"/>
      <Option Name="TopModule" Val="ButtonCount"/>
      <Option Name="TopAutoSet" Val="TRUE"/>
    </Config>
  </FileSet>
  <FileSet Name="constrs_in" Type="Constrs" RelSrcDir="$PSRCDIR/constrs_1">
    <Filter Type="Constrs"/>
    <File Path="$PPRDIR/../ButtonCount.xdc">
      <FileInfo>
        <Attr Name="UsedIn" Val="synthesis"/>
        <Attr Name="UsedIn" Val="implementation"/>
      </FileInfo>
    </File>
    <Config>
      <Option Name="ConstrsType" Val="XDC"/>
    </Config>
  </FileSet>
  <FileSet Name="utils" Type="Utils" RelSrcDir="$PSRCDIR/utils_1">
    <Filter Type="Utils"/>
    <Config>
      <Option Name="TopAutoSet" Val="TRUE"/>
    </Config>
  </FileSet>
  <Strategy Version="1" Minor="2">
    <StratHandle Name="Vivado Implementation Defaults" Flow="Vivado Implementation 2019">
      <Desc>Default settings for Implementation.</Desc>
    </StratHandle>
    <Step Id="init_design"/>
    <Step Id="opt_design"/>
    <Step Id="power_opt_design"/>
    <Step Id="place_design"/>
    <Step Id="post_place_power_opt_design"/>
    <Step Id="phys_opt_design" EnableStepBool="1"/>
    <Step Id="route_design"/>
    <Step Id="post_route_phys_opt_design"/>
    <Step Id="write_bitstream"/>
  </Strategy>
</GenRun>
